probe,rep,si,no,astenuti,ok,finish_reason,error
P3_elettore_medio,25,0.0,100.0,0.0,True,stop,
P2_aggregata_informed,23,42.5,47.5,10.0,True,stop,
P2_aggregata_informed,20,42.5,47.5,10.0,True,stop,
P1_aggregata_ballot,14,45.0,40.0,15.0,True,stop,
P3_elettore_medio,24,0.0,0.0,100.0,True,stop,
P1_aggregata_ballot,21,45.5,42.0,12.5,True,stop,
P2_aggregata_informed,22,42.5,48.0,9.5,True,stop,
P3_elettore_medio,23,0.0,0.0,100.0,True,stop,
P2_aggregata_informed,28,42.5,47.5,10.0,True,stop,
P2_aggregata_informed,21,42.5,47.5,10.0,True,stop,
P3_elettore_medio,0,0.0,0.0,100.0,True,stop,
P3_elettore_medio,22,0.0,0.0,100.0,True,stop,
P2_aggregata_informed,24,42.5,48.0,9.5,True,stop,
P2_aggregata_informed,18,42.5,48.0,9.5,True,stop,
P3_elettore_medio,21,0.0,0.0,100.0,True,stop,
P2_aggregata_informed,25,42.5,48.0,9.5,True,stop,
P3_elettore_medio,20,100.0,0.0,0.0,True,stop,
P2_aggregata_informed,27,42.5,47.5,10.0,True,stop,
P1_aggregata_ballot,23,35.0,45.0,20.0,True,stop,
P1_aggregata_ballot,3,35.0,45.0,20.0,True,stop,
P2_aggregata_informed,29,38.5,42.0,19.5,True,stop,
P2_aggregata_informed,16,42.5,47.5,10.0,True,stop,
P3_elettore_medio,19,0.0,0.0,100.0,True,stop,
P1_aggregata_ballot,18,45.0,40.0,15.0,True,stop,
P3_elettore_medio,18,100.0,0.0,0.0,True,stop,
P1_aggregata_ballot,17,42.5,47.5,10.0,True,stop,
P3_elettore_medio,17,0.0,100.0,0.0,True,stop,
P2_aggregata_informed,13,42.5,47.5,10.0,True,stop,
P3_elettore_medio,16,0.0,100.0,0.0,True,stop,
P3_elettore_medio,2,0.0,100.0,0.0,True,stop,
P2_aggregata_informed,17,42.5,47.5,10.0,True,stop,
P1_aggregata_ballot,11,42.5,45.0,12.5,True,stop,
P3_elettore_medio,4,0.0,100.0,0.0,True,stop,
P3_elettore_medio,15,0.0,0.0,100.0,True,stop,
P2_aggregata_informed,19,42.5,47.5,10.0,True,stop,
P3_elettore_medio,14,0.0,0.0,100.0,True,stop,
P1_aggregata_ballot,10,45.0,40.0,15.0,True,stop,
P2_aggregata_informed,12,42.5,48.0,9.5,True,stop,
P3_elettore_medio,13,0.0,0.0,100.0,True,stop,
P2_aggregata_informed,11,42.0,51.0,7.0,True,stop,
P3_elettore_medio,12,0.0,100.0,0.0,True,stop,
P1_aggregata_ballot,7,45.0,40.0,15.0,True,stop,
P2_aggregata_informed,10,42.5,47.5,10.0,True,stop,
P3_elettore_medio,11,100.0,0.0,0.0,True,stop,
P1_aggregata_ballot,5,45.2,48.5,6.3,True,stop,
P1_aggregata_ballot,13,42.5,47.5,10.0,True,stop,
P2_aggregata_informed,9,45.0,45.0,10.0,True,stop,
P1_aggregata_ballot,6,40.0,45.0,15.0,True,stop,
P3_elettore_medio,10,100.0,0.0,0.0,True,stop,
P2_aggregata_informed,8,42.5,47.5,10.0,True,stop,
P3_elettore_medio,9,0.0,0.0,100.0,True,stop,
P2_aggregata_informed,7,45.0,40.0,15.0,True,stop,
P1_aggregata_ballot,16,42.5,47.5,10.0,True,stop,
P3_elettore_medio,8,100.0,0.0,0.0,True,stop,
P2_aggregata_informed,6,35.0,55.0,10.0,True,stop,
P3_elettore_medio,7,100.0,0.0,0.0,True,stop,
P1_aggregata_ballot,15,45.0,40.0,15.0,True,stop,
P1_aggregata_ballot,12,45.0,40.0,15.0,True,stop,
P2_aggregata_informed,5,42.5,48.0,9.5,True,stop,
P3_elettore_medio,6,100.0,0.0,0.0,True,stop,
P2_aggregata_informed,4,42.5,48.0,9.5,True,stop,
P1_aggregata_ballot,2,45.0,40.0,15.0,True,stop,
P3_elettore_medio,5,0.0,0.0,100.0,True,stop,
P2_aggregata_informed,3,42.5,45.0,12.5,True,stop,
P2_aggregata_informed,2,45.5,42.0,12.5,True,stop,
P3_elettore_medio,3,100.0,0.0,0.0,True,stop,
P1_aggregata_ballot,1,45.0,40.0,15.0,True,stop,
P2_aggregata_informed,1,42.5,47.5,10.0,True,stop,
P2_aggregata_informed,0,42.5,48.0,9.5,True,stop,
P2_aggregata_informed,14,42.5,47.5,10.0,True,stop,
P1_aggregata_ballot,29,42.5,47.5,10.0,True,stop,
P1_aggregata_ballot,28,42.5,47.5,10.0,True,stop,
P3_elettore_medio,1,100.0,0.0,0.0,True,stop,
P1_aggregata_ballot,27,45.0,40.0,15.0,True,stop,
P1_aggregata_ballot,20,42.5,45.0,12.5,True,stop,
P2_aggregata_informed,26,35.0,50.0,15.0,True,stop,
P2_aggregata_informed,15,42.5,47.5,10.0,True,stop,
P1_aggregata_ballot,19,42.5,45.0,12.5,True,stop,
P1_aggregata_ballot,26,42.5,47.5,10.0,True,stop,
P3_elettore_medio,29,0.0,0.0,100.0,True,stop,
P1_aggregata_ballot,25,35.0,45.0,20.0,True,stop,
P1_aggregata_ballot,9,30.0,55.0,15.0,True,stop,
P3_elettore_medio,28,100.0,0.0,0.0,True,stop,
P1_aggregata_ballot,0,45.5,42.0,12.5,True,stop,
P1_aggregata_ballot,8,45.0,40.0,15.0,True,stop,
P3_elettore_medio,27,100.0,0.0,0.0,True,stop,
P1_aggregata_ballot,24,42.5,35.0,22.5,True,stop,
P1_aggregata_ballot,22,45.0,40.0,15.0,True,stop,
P3_elettore_medio,26,0.0,0.0,100.0,True,stop,
P1_aggregata_ballot,4,42.5,47.5,10.0,True,stop,
